web-scraper-order,web-scraper-start-url,number,page
"1669489206-670","https://joymall.in/#/win","20221127-001010022",""
"1669489206-671","https://joymall.in/#/win","20221127-000910011",""
"1669489206-672","https://joymall.in/#/win","20221127-000810099",""
"1669489206-673","https://joymall.in/#/win","20221127-000710077",""
"1669489206-674","https://joymall.in/#/win","20221127-000610099",""
"1669489206-675","https://joymall.in/#/win","20221127-000510044",""
"1669489206-676","https://joymall.in/#/win","20221127-000410066",""
"1669489206-677","https://joymall.in/#/win","20221127-000310033",""
"1669489206-678","https://joymall.in/#/win","20221127-000210022",""
"1669489206-679","https://joymall.in/#/win","20221127-000110099",""
"1669489206-680","https://joymall.in/#/win","20221126-048010000",""
"1669489206-681","https://joymall.in/#/win","20221126-047910077",""
"1669489206-682","https://joymall.in/#/win","20221126-047810022",""
"1669489206-683","https://joymall.in/#/win","20221126-047710022",""
"1669489206-684","https://joymall.in/#/win","20221126-047610077",""
"1669489206-685","https://joymall.in/#/win","20221126-047510000",""
"1669489206-686","https://joymall.in/#/win","20221126-047410022",""
"1669489206-687","https://joymall.in/#/win","20221126-047310044",""
"1669489206-688","https://joymall.in/#/win","20221126-047210011",""
"1669489206-689","https://joymall.in/#/win","20221126-047110011",""
"1669489206-690","https://joymall.in/#/win","20221126-047010066",""
"1669489206-691","https://joymall.in/#/win","20221126-046910077",""
"1669489206-692","https://joymall.in/#/win","20221126-046810033",""
"1669489206-693","https://joymall.in/#/win","20221126-046710055",""
"1669489206-694","https://joymall.in/#/win","20221126-046610011",""
"1669489206-695","https://joymall.in/#/win","20221126-046510066",""
"1669489206-696","https://joymall.in/#/win","20221126-046410044",""
"1669489206-697","https://joymall.in/#/win","20221126-046310055",""
"1669489206-698","https://joymall.in/#/win","20221126-046210011",""
"1669489206-699","https://joymall.in/#/win","20221126-046110022",""
"1669489206-700","https://joymall.in/#/win","20221126-046010011",""
"1669489206-701","https://joymall.in/#/win","20221126-045910022",""
"1669489206-702","https://joymall.in/#/win","20221126-045810088",""
"1669489206-703","https://joymall.in/#/win","20221126-045710055",""
"1669489206-704","https://joymall.in/#/win","20221126-045610022",""
"1669489206-705","https://joymall.in/#/win","20221126-045510055",""
"1669489206-706","https://joymall.in/#/win","20221126-045410033",""
"1669489206-707","https://joymall.in/#/win","20221126-045310077",""
"1669489206-708","https://joymall.in/#/win","20221126-045210077",""
"1669489206-709","https://joymall.in/#/win","20221126-045110000",""
"1669489206-710","https://joymall.in/#/win","20221126-045010099",""
"1669489206-711","https://joymall.in/#/win","20221126-044910044",""
"1669489206-712","https://joymall.in/#/win","20221126-044810077",""
"1669489206-713","https://joymall.in/#/win","20221126-044710099",""
"1669489206-714","https://joymall.in/#/win","20221126-044610033",""
"1669489206-715","https://joymall.in/#/win","20221126-044510055",""
"1669489206-716","https://joymall.in/#/win","20221126-044410000",""
"1669489206-717","https://joymall.in/#/win","20221126-044310033",""
"1669489206-718","https://joymall.in/#/win","20221126-044210066",""
"1669489206-719","https://joymall.in/#/win","20221126-044110011",""
"1669489206-720","https://joymall.in/#/win","20221126-044010099",""
"1669489206-721","https://joymall.in/#/win","20221126-043910044",""
"1669489206-722","https://joymall.in/#/win","20221126-043810033",""
"1669489206-723","https://joymall.in/#/win","20221126-043710011",""
"1669489206-724","https://joymall.in/#/win","20221126-043610000",""
"1669489206-725","https://joymall.in/#/win","20221126-043510000",""
"1669489206-726","https://joymall.in/#/win","20221126-043410088",""
"1669489206-727","https://joymall.in/#/win","20221126-043310066",""
"1669489206-728","https://joymall.in/#/win","20221126-043210066",""
"1669489206-729","https://joymall.in/#/win","20221126-043110000",""
"1669489206-730","https://joymall.in/#/win","20221126-043010000",""
"1669489206-731","https://joymall.in/#/win","20221126-042910022",""
"1669489206-732","https://joymall.in/#/win","20221126-042810099",""
"1669489206-733","https://joymall.in/#/win","20221126-042710000",""
"1669489206-734","https://joymall.in/#/win","20221126-042610099",""
"1669489206-735","https://joymall.in/#/win","20221126-042510033",""
"1669489206-736","https://joymall.in/#/win","20221126-042410033",""
"1669489206-737","https://joymall.in/#/win","20221126-042310011",""
"1669489206-738","https://joymall.in/#/win","20221126-042210000",""
"1669489206-739","https://joymall.in/#/win","20221126-042110022",""
"1669489206-740","https://joymall.in/#/win","20221126-042010099",""
"1669489206-741","https://joymall.in/#/win","20221126-041910088",""
"1669489206-742","https://joymall.in/#/win","20221126-041810011",""
"1669489206-743","https://joymall.in/#/win","20221126-041710033",""
"1669489206-744","https://joymall.in/#/win","20221126-041610088",""
"1669489206-745","https://joymall.in/#/win","20221126-041510044",""
"1669489206-746","https://joymall.in/#/win","20221126-041410033",""
"1669489206-747","https://joymall.in/#/win","20221126-041310033",""
"1669489206-748","https://joymall.in/#/win","20221126-041210033",""
"1669489206-749","https://joymall.in/#/win","20221126-041110066",""
"1669489206-750","https://joymall.in/#/win","20221126-041010055",""
"1669489206-751","https://joymall.in/#/win","20221126-040910066",""
"1669489206-752","https://joymall.in/#/win","20221126-040810011",""
"1669489206-753","https://joymall.in/#/win","20221126-040710011",""
"1669489206-754","https://joymall.in/#/win","20221126-040610066",""
"1669489206-755","https://joymall.in/#/win","20221126-040510066",""
"1669489206-756","https://joymall.in/#/win","20221126-040410011",""
"1669489206-757","https://joymall.in/#/win","20221126-040310099",""
"1669489206-758","https://joymall.in/#/win","20221126-040210088",""
"1669489206-759","https://joymall.in/#/win","20221126-040110077",""
"1669489206-760","https://joymall.in/#/win","20221126-040010055",""
"1669489206-761","https://joymall.in/#/win","20221126-039910055",""
"1669489206-762","https://joymall.in/#/win","20221126-039810033",""
"1669489206-763","https://joymall.in/#/win","20221126-039710055",""
"1669489206-764","https://joymall.in/#/win","20221126-039610000",""
"1669489206-765","https://joymall.in/#/win","20221126-039510066",""
"1669489206-766","https://joymall.in/#/win","20221126-039410055",""
"1669489206-767","https://joymall.in/#/win","20221126-039310033",""
"1669489206-768","https://joymall.in/#/win","20221126-039210000",""
"1669489206-769","https://joymall.in/#/win","20221126-039110099",""
"1669489206-770","https://joymall.in/#/win","20221126-039010011",""
"1669489206-771","https://joymall.in/#/win","20221126-038910022",""
"1669489206-772","https://joymall.in/#/win","20221126-038810044",""
"1669489206-773","https://joymall.in/#/win","20221126-038710011",""
"1669489206-774","https://joymall.in/#/win","20221126-038610088",""
"1669489206-775","https://joymall.in/#/win","20221126-038510055",""
"1669489206-776","https://joymall.in/#/win","20221126-038410044",""
"1669489206-777","https://joymall.in/#/win","20221126-038310022",""
"1669489206-778","https://joymall.in/#/win","20221126-038210099",""
"1669489206-779","https://joymall.in/#/win","20221126-038110022",""
"1669489206-780","https://joymall.in/#/win","20221126-038010088",""
"1669489206-781","https://joymall.in/#/win","20221126-037910066",""
"1669489206-782","https://joymall.in/#/win","20221126-037810077",""
"1669489206-783","https://joymall.in/#/win","20221126-037710066",""
"1669489206-784","https://joymall.in/#/win","20221126-037610022",""
"1669489206-785","https://joymall.in/#/win","20221126-037510022",""
"1669489206-786","https://joymall.in/#/win","20221126-037410033",""
"1669489206-787","https://joymall.in/#/win","20221126-037310088",""
"1669489206-788","https://joymall.in/#/win","20221126-037210022",""
"1669489206-789","https://joymall.in/#/win","20221126-037110055",""
"1669489206-790","https://joymall.in/#/win","20221126-037010011",""
"1669489206-791","https://joymall.in/#/win","20221126-036910077",""
"1669489206-792","https://joymall.in/#/win","20221126-036810011",""
"1669489206-793","https://joymall.in/#/win","20221126-036710033",""
"1669489206-794","https://joymall.in/#/win","20221126-036610055",""
"1669489206-795","https://joymall.in/#/win","20221126-036510066",""
"1669489206-796","https://joymall.in/#/win","20221126-036410022",""
"1669489206-797","https://joymall.in/#/win","20221126-036310033",""
"1669489206-798","https://joymall.in/#/win","20221126-036210099",""
"1669489206-799","https://joymall.in/#/win","20221126-036110099",""
"1669489206-800","https://joymall.in/#/win","20221126-036010011",""
"1669489206-801","https://joymall.in/#/win","20221126-035910066",""
"1669489206-802","https://joymall.in/#/win","20221126-035810099",""
"1669489206-803","https://joymall.in/#/win","20221126-035710033",""
"1669489206-804","https://joymall.in/#/win","20221126-035610077",""
"1669489206-805","https://joymall.in/#/win","20221126-035510000",""
"1669489206-806","https://joymall.in/#/win","20221126-035410011",""
"1669489206-807","https://joymall.in/#/win","20221126-035310099",""
"1669489206-808","https://joymall.in/#/win","20221126-035210088",""
"1669489206-809","https://joymall.in/#/win","20221126-035110011",""
"1669489206-810","https://joymall.in/#/win","20221126-035010088",""
"1669489206-811","https://joymall.in/#/win","20221126-034910033",""
"1669489206-812","https://joymall.in/#/win","20221126-034810099",""
"1669489206-813","https://joymall.in/#/win","20221126-034710011",""
"1669489206-814","https://joymall.in/#/win","20221126-034610011",""
"1669489206-815","https://joymall.in/#/win","20221126-034510022",""
"1669489206-816","https://joymall.in/#/win","20221126-034410077",""
"1669489206-817","https://joymall.in/#/win","20221126-034310088",""
"1669489206-818","https://joymall.in/#/win","20221126-034210022",""
"1669489206-819","https://joymall.in/#/win","20221126-034110077",""
"1669489206-820","https://joymall.in/#/win","20221126-034010044",""
"1669489206-821","https://joymall.in/#/win","20221126-033910099",""
"1669489206-822","https://joymall.in/#/win","20221126-033810022",""
"1669489206-823","https://joymall.in/#/win","20221126-033710033",""
"1669489206-824","https://joymall.in/#/win","20221126-033610088",""
"1669489206-825","https://joymall.in/#/win","20221126-033510044",""
"1669489206-826","https://joymall.in/#/win","20221126-033410011",""
"1669489206-827","https://joymall.in/#/win","20221126-033310066",""
"1669489206-828","https://joymall.in/#/win","20221126-033210022",""
"1669489206-829","https://joymall.in/#/win","20221126-033110077",""
"1669489206-830","https://joymall.in/#/win","20221126-033010033",""
"1669489206-831","https://joymall.in/#/win","20221126-032910011",""
"1669489206-832","https://joymall.in/#/win","20221126-032810033",""
"1669489206-833","https://joymall.in/#/win","20221126-032710066",""
"1669489206-834","https://joymall.in/#/win","20221126-032610033",""
"1669489206-835","https://joymall.in/#/win","20221126-032510088",""
"1669489206-836","https://joymall.in/#/win","20221126-032410088",""
"1669489206-837","https://joymall.in/#/win","20221126-032310088",""
"1669489206-838","https://joymall.in/#/win","20221126-032210099",""
"1669489206-839","https://joymall.in/#/win","20221126-032110000",""
"1669489206-840","https://joymall.in/#/win","20221126-032010088",""
"1669489206-841","https://joymall.in/#/win","20221126-031910044",""
"1669489206-842","https://joymall.in/#/win","20221126-031810033",""
"1669489206-843","https://joymall.in/#/win","20221126-031710022",""
"1669489206-844","https://joymall.in/#/win","20221126-031610022",""
"1669489206-845","https://joymall.in/#/win","20221126-031510055",""
"1669489206-846","https://joymall.in/#/win","20221126-031410044",""
"1669489206-847","https://joymall.in/#/win","20221126-031310055",""
"1669489206-848","https://joymall.in/#/win","20221126-031210011",""
"1669489206-849","https://joymall.in/#/win","20221126-031110077",""
"1669489206-850","https://joymall.in/#/win","20221126-031010011",""
"1669489206-851","https://joymall.in/#/win","20221126-030910022",""
"1669489206-852","https://joymall.in/#/win","20221126-030810033",""
"1669489206-853","https://joymall.in/#/win","20221126-030710088",""
"1669489206-854","https://joymall.in/#/win","20221126-030610077",""
"1669489206-855","https://joymall.in/#/win","20221126-030510099",""
"1669489206-856","https://joymall.in/#/win","20221126-030410088",""
"1669489206-857","https://joymall.in/#/win","20221126-030310066",""
"1669489206-858","https://joymall.in/#/win","20221126-030210044",""
"1669489206-859","https://joymall.in/#/win","20221126-030110033",""
"1669489206-860","https://joymall.in/#/win","20221126-030010033",""
"1669489206-861","https://joymall.in/#/win","20221126-029910088",""
"1669489206-862","https://joymall.in/#/win","20221126-029810011",""
"1669489206-863","https://joymall.in/#/win","20221126-029710077",""
"1669489206-864","https://joymall.in/#/win","20221126-029610077",""
"1669489206-865","https://joymall.in/#/win","20221126-029510022",""
"1669489206-866","https://joymall.in/#/win","20221126-029410000",""
"1669489206-867","https://joymall.in/#/win","20221126-029310066",""
"1669489206-868","https://joymall.in/#/win","20221126-029210000",""
"1669489206-869","https://joymall.in/#/win","20221126-029110011",""
"1669489206-870","https://joymall.in/#/win","20221126-029010022",""
"1669489206-871","https://joymall.in/#/win","20221126-028910000",""
"1669489206-872","https://joymall.in/#/win","20221126-028810000",""
"1669489206-873","https://joymall.in/#/win","20221126-028710099",""
"1669489206-874","https://joymall.in/#/win","20221126-028610099",""
"1669489206-875","https://joymall.in/#/win","20221126-028510022",""
"1669489206-876","https://joymall.in/#/win","20221126-028410022",""
"1669489206-877","https://joymall.in/#/win","20221126-028310000",""
"1669489206-878","https://joymall.in/#/win","20221126-028210022",""
"1669489206-879","https://joymall.in/#/win","20221126-028110088",""
"1669489206-880","https://joymall.in/#/win","20221126-028010099",""
"1669489206-881","https://joymall.in/#/win","20221126-027910099",""
"1669489206-882","https://joymall.in/#/win","20221126-027810022",""
"1669489206-883","https://joymall.in/#/win","20221126-027710000",""
"1669489206-884","https://joymall.in/#/win","20221126-027610088",""
"1669489206-885","https://joymall.in/#/win","20221126-027510055",""
"1669489206-886","https://joymall.in/#/win","20221126-027410022",""
"1669489206-887","https://joymall.in/#/win","20221126-027310044",""
"1669489206-888","https://joymall.in/#/win","20221126-027210066",""
"1669489206-889","https://joymall.in/#/win","20221126-027110066",""
"1669489206-890","https://joymall.in/#/win","20221126-027010077",""
"1669489206-891","https://joymall.in/#/win","20221126-026910033",""
"1669489206-892","https://joymall.in/#/win","20221126-026810055",""
"1669489206-893","https://joymall.in/#/win","20221126-026710033",""
"1669489206-894","https://joymall.in/#/win","20221126-026610011",""
"1669489206-895","https://joymall.in/#/win","20221126-026510011",""
"1669489206-896","https://joymall.in/#/win","20221126-026410077",""
"1669489206-897","https://joymall.in/#/win","20221126-026310088",""
"1669489206-898","https://joymall.in/#/win","20221126-026210088",""
"1669489206-899","https://joymall.in/#/win","20221126-026110099",""
"1669489206-900","https://joymall.in/#/win","20221126-026010011",""
"1669489206-901","https://joymall.in/#/win","20221126-025910055",""
"1669489206-902","https://joymall.in/#/win","20221126-025810099",""
"1669489206-903","https://joymall.in/#/win","20221126-025710033",""
"1669489206-904","https://joymall.in/#/win","20221126-025610000",""
"1669489206-905","https://joymall.in/#/win","20221126-025510022",""
"1669489206-906","https://joymall.in/#/win","20221126-025410022",""
"1669489206-907","https://joymall.in/#/win","20221126-025310055",""
"1669489206-908","https://joymall.in/#/win","20221126-025210088",""
"1669489206-909","https://joymall.in/#/win","20221126-025110077",""
"1669489206-910","https://joymall.in/#/win","20221126-025010099",""
"1669489206-911","https://joymall.in/#/win","20221126-024910000",""
"1669489206-912","https://joymall.in/#/win","20221126-024810066",""
"1669489206-913","https://joymall.in/#/win","20221126-024710055",""
"1669489206-914","https://joymall.in/#/win","20221126-024610011",""
"1669489206-915","https://joymall.in/#/win","20221126-024510055",""
"1669489206-916","https://joymall.in/#/win","20221126-024410088",""
"1669489206-917","https://joymall.in/#/win","20221126-024310011",""
"1669489206-918","https://joymall.in/#/win","20221126-024210011",""
"1669489206-919","https://joymall.in/#/win","20221126-024110099",""
"1669489206-920","https://joymall.in/#/win","20221126-024010055",""
"1669489206-921","https://joymall.in/#/win","20221126-023910011",""
"1669489206-922","https://joymall.in/#/win","20221126-023810077",""
"1669489206-923","https://joymall.in/#/win","20221126-023710033",""
"1669489206-924","https://joymall.in/#/win","20221126-023610055",""
"1669489206-925","https://joymall.in/#/win","20221126-023510011",""
"1669489206-926","https://joymall.in/#/win","20221126-023410000",""
"1669489206-927","https://joymall.in/#/win","20221126-023310088",""
"1669489206-928","https://joymall.in/#/win","20221126-023210000",""
"1669489206-929","https://joymall.in/#/win","20221126-023110066",""
"1669489206-930","https://joymall.in/#/win","20221126-023010088",""
"1669489206-931","https://joymall.in/#/win","20221126-022910022",""
"1669489206-932","https://joymall.in/#/win","20221126-022810033",""
"1669489206-933","https://joymall.in/#/win","20221126-022710066",""
"1669489206-934","https://joymall.in/#/win","20221126-022610077",""
"1669489206-935","https://joymall.in/#/win","20221126-022510033",""
"1669489206-936","https://joymall.in/#/win","20221126-022410000",""
"1669489206-937","https://joymall.in/#/win","20221126-022310000",""
"1669489206-938","https://joymall.in/#/win","20221126-022210066",""
"1669489206-939","https://joymall.in/#/win","20221126-022110022",""
"1669489206-940","https://joymall.in/#/win","20221126-022010011",""
"1669489206-941","https://joymall.in/#/win","20221126-021910000",""
"1669489206-942","https://joymall.in/#/win","20221126-021810055",""
"1669489206-943","https://joymall.in/#/win","20221126-021710033",""
"1669489206-944","https://joymall.in/#/win","20221126-021610022",""
"1669489206-945","https://joymall.in/#/win","20221126-021510022",""
"1669489206-946","https://joymall.in/#/win","20221126-021410033",""
"1669489206-947","https://joymall.in/#/win","20221126-021310055",""
"1669489206-948","https://joymall.in/#/win","20221126-021210011",""
"1669489206-949","https://joymall.in/#/win","20221126-021110000",""
"1669489206-950","https://joymall.in/#/win","20221126-021010044",""
"1669489206-951","https://joymall.in/#/win","20221126-020910011",""
"1669489206-952","https://joymall.in/#/win","20221126-020810055",""
"1669489206-953","https://joymall.in/#/win","20221126-020710000",""
"1669489206-954","https://joymall.in/#/win","20221126-020610099",""
"1669489206-955","https://joymall.in/#/win","20221126-020510077",""
"1669489206-956","https://joymall.in/#/win","20221126-020410011",""
"1669489206-957","https://joymall.in/#/win","20221126-020310000",""
"1669489206-958","https://joymall.in/#/win","20221126-020210033",""
"1669489206-959","https://joymall.in/#/win","20221126-020110099",""
"1669489206-960","https://joymall.in/#/win","20221126-020010022",""
"1669489206-961","https://joymall.in/#/win","20221126-019910044",""
"1669489206-962","https://joymall.in/#/win","20221126-019810099",""
"1669489206-963","https://joymall.in/#/win","20221126-019710055",""
"1669489206-964","https://joymall.in/#/win","20221126-019610000",""
"1669489206-965","https://joymall.in/#/win","20221126-019510066",""
"1669489206-966","https://joymall.in/#/win","20221126-019410033",""
"1669489206-967","https://joymall.in/#/win","20221126-019310077",""
"1669489206-968","https://joymall.in/#/win","20221126-019210088",""
"1669489206-969","https://joymall.in/#/win","20221126-019110077",""
"1669489206-970","https://joymall.in/#/win","20221126-019010088",""
"1669489206-971","https://joymall.in/#/win","20221126-018910077",""
"1669489206-972","https://joymall.in/#/win","20221126-018810033",""
"1669489206-973","https://joymall.in/#/win","20221126-018710000",""
"1669489206-974","https://joymall.in/#/win","20221126-018610088",""
"1669489206-975","https://joymall.in/#/win","20221126-018510033",""
"1669489206-976","https://joymall.in/#/win","20221126-018410055",""
"1669489206-977","https://joymall.in/#/win","20221126-018310055",""
"1669489206-978","https://joymall.in/#/win","20221126-018210011",""
"1669489206-979","https://joymall.in/#/win","20221126-018110099",""
"1669489206-980","https://joymall.in/#/win","20221126-018010000",""
"1669489206-981","https://joymall.in/#/win","20221126-017910033",""
"1669489206-982","https://joymall.in/#/win","20221126-017810055",""
"1669489206-983","https://joymall.in/#/win","20221126-017710077",""
"1669489206-984","https://joymall.in/#/win","20221126-017610000",""
"1669489206-985","https://joymall.in/#/win","20221126-017510099",""
"1669489206-986","https://joymall.in/#/win","20221126-017410066",""
"1669489206-987","https://joymall.in/#/win","20221126-017310099",""
"1669489206-988","https://joymall.in/#/win","20221126-017210088",""
"1669489206-989","https://joymall.in/#/win","20221126-017110099",""
"1669489206-990","https://joymall.in/#/win","20221126-017010055",""
"1669489206-991","https://joymall.in/#/win","20221126-016910000",""
"1669489206-992","https://joymall.in/#/win","20221126-016810099",""
"1669489206-993","https://joymall.in/#/win","20221126-016710099",""
"1669489206-994","https://joymall.in/#/win","20221126-016610055",""
"1669489206-995","https://joymall.in/#/win","20221126-016510033",""
"1669489206-996","https://joymall.in/#/win","20221126-016410055",""
"1669489206-997","https://joymall.in/#/win","20221126-016310066",""
"1669489206-998","https://joymall.in/#/win","20221126-016210099",""
"1669489206-999","https://joymall.in/#/win","20221126-016110033",""
"1669489206-1000","https://joymall.in/#/win","20221126-016010066",""
"1669489206-1001","https://joymall.in/#/win","20221126-015910011",""
"1669489206-1002","https://joymall.in/#/win","20221126-015810000",""
"1669489206-1003","https://joymall.in/#/win","20221126-015710033",""
"1669489206-1004","https://joymall.in/#/win","20221126-015610077",""
"1669489206-1005","https://joymall.in/#/win","20221126-015510000",""
"1669489206-1006","https://joymall.in/#/win","20221126-015410022",""
"1669489206-1007","https://joymall.in/#/win","20221126-015310000",""
"1669489206-1008","https://joymall.in/#/win","20221126-015210022",""
"1669489206-1009","https://joymall.in/#/win","20221126-015110088",""
"1669489206-1010","https://joymall.in/#/win","20221126-015010044",""
"1669489206-1011","https://joymall.in/#/win","20221126-014910099",""
"1669489206-1012","https://joymall.in/#/win","20221126-014810044",""
"1669489206-1013","https://joymall.in/#/win","20221126-014710011",""
"1669489206-1014","https://joymall.in/#/win","20221126-014610088",""
"1669489206-1015","https://joymall.in/#/win","20221126-014510099",""
"1669489206-1016","https://joymall.in/#/win","20221126-014410088",""
"1669489206-1017","https://joymall.in/#/win","20221126-014310011",""
"1669489206-1018","https://joymall.in/#/win","20221126-014210000",""
"1669489206-1019","https://joymall.in/#/win","20221126-014110077",""
"1669489206-1020","https://joymall.in/#/win","20221126-014010055",""
"1669489206-1021","https://joymall.in/#/win","20221126-013910000",""
"1669489206-1022","https://joymall.in/#/win","20221126-013810044",""
"1669489206-1023","https://joymall.in/#/win","20221126-013710099",""
"1669489206-1024","https://joymall.in/#/win","20221126-013610077",""
"1669489206-1025","https://joymall.in/#/win","20221126-013510077",""
"1669489206-1026","https://joymall.in/#/win","20221126-013410011",""
"1669489206-1027","https://joymall.in/#/win","20221126-013310066",""
"1669489206-1028","https://joymall.in/#/win","20221126-013210077",""
"1669489206-1029","https://joymall.in/#/win","20221126-013110044",""
"1669489206-1030","https://joymall.in/#/win","20221126-013010022",""
"1669489206-1031","https://joymall.in/#/win","20221126-012910099",""
"1669489206-1032","https://joymall.in/#/win","20221126-012810077",""
"1669489206-1033","https://joymall.in/#/win","20221126-012710066",""
"1669489206-1034","https://joymall.in/#/win","20221126-012610077",""
"1669489206-1035","https://joymall.in/#/win","20221126-012510011",""
"1669489206-1036","https://joymall.in/#/win","20221126-012410066",""
"1669489206-1037","https://joymall.in/#/win","20221126-012310044",""
"1669489206-1038","https://joymall.in/#/win","20221126-012210033",""
"1669489206-1039","https://joymall.in/#/win","20221126-012110099",""
"1669489206-1040","https://joymall.in/#/win","20221126-012010066",""
"1669489206-1041","https://joymall.in/#/win","20221126-011910055",""
"1669489206-1042","https://joymall.in/#/win","20221126-011810077",""
"1669489206-1043","https://joymall.in/#/win","20221126-011710044",""
"1669489206-1044","https://joymall.in/#/win","20221126-011610022",""
"1669489206-1045","https://joymall.in/#/win","20221126-011510055",""
"1669489206-1046","https://joymall.in/#/win","20221126-011410033",""
"1669489206-1047","https://joymall.in/#/win","20221126-011310099",""
"1669489206-1048","https://joymall.in/#/win","20221126-011210055",""
"1669489206-1049","https://joymall.in/#/win","20221126-011110088",""
"1669489206-1050","https://joymall.in/#/win","20221126-011010000",""
"1669489206-1051","https://joymall.in/#/win","20221126-010910033",""
"1669489206-1052","https://joymall.in/#/win","20221126-010810011",""
"1669489206-1053","https://joymall.in/#/win","20221126-010710055",""
"1669489206-1054","https://joymall.in/#/win","20221126-010610033",""
"1669489206-1055","https://joymall.in/#/win","20221126-010510099",""
"1669489206-1056","https://joymall.in/#/win","20221126-010410088",""
"1669489206-1057","https://joymall.in/#/win","20221126-010310022",""
"1669489206-1058","https://joymall.in/#/win","20221126-010210066",""
"1669489206-1059","https://joymall.in/#/win","20221126-010110077",""
"1669489206-1060","https://joymall.in/#/win","20221126-010010022",""
"1669489206-1061","https://joymall.in/#/win","20221126-009910099",""
"1669489206-1062","https://joymall.in/#/win","20221126-009810099",""
"1669489206-1063","https://joymall.in/#/win","20221126-009710044",""
"1669489206-1064","https://joymall.in/#/win","20221126-009610088",""
"1669489206-1065","https://joymall.in/#/win","20221126-009510011",""
"1669489206-1066","https://joymall.in/#/win","20221126-009410022",""
"1669489206-1067","https://joymall.in/#/win","20221126-009310011",""
"1669489206-1068","https://joymall.in/#/win","20221126-009210099",""
"1669489206-1069","https://joymall.in/#/win","20221126-009110011",""
"1669489206-1070","https://joymall.in/#/win","20221126-009010011",""
"1669489206-1071","https://joymall.in/#/win","20221126-008910033",""
"1669489206-1072","https://joymall.in/#/win","20221126-008810022",""
"1669489206-1073","https://joymall.in/#/win","20221126-008710022",""
"1669489206-1074","https://joymall.in/#/win","20221126-008610022",""
"1669489206-1075","https://joymall.in/#/win","20221126-008510066",""
"1669489206-1076","https://joymall.in/#/win","20221126-008410088",""
"1669489206-1077","https://joymall.in/#/win","20221126-008310077",""
"1669489206-1078","https://joymall.in/#/win","20221126-008210099",""
"1669489206-1079","https://joymall.in/#/win","20221126-008110088",""
"1669489206-1080","https://joymall.in/#/win","20221126-008010033",""
"1669489206-1081","https://joymall.in/#/win","20221126-007910022",""
"1669489206-1082","https://joymall.in/#/win","20221126-007810033",""
"1669489206-1083","https://joymall.in/#/win","20221126-007710033",""
"1669489206-1084","https://joymall.in/#/win","20221126-007610066",""
"1669489206-1085","https://joymall.in/#/win","20221126-007510033",""
"1669489206-1086","https://joymall.in/#/win","20221126-007410033",""
"1669489206-1087","https://joymall.in/#/win","20221126-007310022",""
"1669489206-1088","https://joymall.in/#/win","20221126-007210066",""
"1669489206-1089","https://joymall.in/#/win","20221126-007110022",""
"1669489206-1090","https://joymall.in/#/win","20221126-007010077",""
"1669489206-1091","https://joymall.in/#/win","20221126-006910066",""
"1669489206-1092","https://joymall.in/#/win","20221126-006810022",""
"1669489206-1093","https://joymall.in/#/win","20221126-006710000",""
"1669489206-1094","https://joymall.in/#/win","20221126-006610055",""
"1669489206-1095","https://joymall.in/#/win","20221126-006510000",""
"1669489206-1096","https://joymall.in/#/win","20221126-006410033",""
"1669489206-1097","https://joymall.in/#/win","20221126-006310000",""
"1669489206-1098","https://joymall.in/#/win","20221126-006210044",""
"1669489206-1099","https://joymall.in/#/win","20221126-006110022",""
"1669489206-1100","https://joymall.in/#/win","20221126-006010011",""
"1669489206-1101","https://joymall.in/#/win","20221126-005910033",""
"1669489206-1102","https://joymall.in/#/win","20221126-005810044",""
"1669489206-1103","https://joymall.in/#/win","20221126-005710055",""
"1669489206-1104","https://joymall.in/#/win","20221126-005610011",""
"1669489206-1105","https://joymall.in/#/win","20221126-005510000",""
"1669489206-1106","https://joymall.in/#/win","20221126-005410000",""
"1669489206-1107","https://joymall.in/#/win","20221126-005310000",""
"1669489206-1108","https://joymall.in/#/win","20221126-005210044",""
"1669489206-1109","https://joymall.in/#/win","20221126-005110088",""
"1669489206-1110","https://joymall.in/#/win","20221126-005010044",""
"1669489206-1111","https://joymall.in/#/win","20221126-004910022",""
"1669489206-1112","https://joymall.in/#/win","20221126-004810099",""
"1669489206-1113","https://joymall.in/#/win","20221126-004710033",""
"1669489206-1114","https://joymall.in/#/win","20221126-004610077",""
"1669489206-1115","https://joymall.in/#/win","20221126-004510099",""
"1669489206-1116","https://joymall.in/#/win","20221126-004410077",""
"1669489206-1117","https://joymall.in/#/win","20221126-004310088",""
"1669489206-1118","https://joymall.in/#/win","20221126-004210066",""
"1669489206-1119","https://joymall.in/#/win","20221126-004110088",""
"1669489206-1120","https://joymall.in/#/win","20221126-004010099",""
"1669489206-1121","https://joymall.in/#/win","20221126-003910066",""
"1669489206-1122","https://joymall.in/#/win","20221126-003810022",""
"1669489206-1123","https://joymall.in/#/win","20221126-003710044",""
"1669489206-1124","https://joymall.in/#/win","20221126-003610066",""
"1669489206-1125","https://joymall.in/#/win","20221126-003510022",""
"1669489206-1126","https://joymall.in/#/win","20221126-003410099",""
"1669489206-1127","https://joymall.in/#/win","20221126-003310011",""
"1669489206-1128","https://joymall.in/#/win","20221126-003210066",""
"1669489206-1129","https://joymall.in/#/win","20221126-003110000",""
"1669489206-1130","https://joymall.in/#/win","20221126-003010088",""
"1669489206-1131","https://joymall.in/#/win","20221126-002910011",""
"1669489206-1132","https://joymall.in/#/win","20221126-002810099",""
"1669489206-1133","https://joymall.in/#/win","20221126-002710011",""
"1669489206-1134","https://joymall.in/#/win","20221126-002610033",""
"1669489206-1135","https://joymall.in/#/win","20221126-002510055",""
"1669489206-1136","https://joymall.in/#/win","20221126-002410022",""
"1669489206-1137","https://joymall.in/#/win","20221126-002310066",""
"1669489206-1138","https://joymall.in/#/win","20221126-002210033",""
"1669489206-1139","https://joymall.in/#/win","20221126-002110044",""
"1669489206-1140","https://joymall.in/#/win","20221126-002010033",""
"1669489206-1141","https://joymall.in/#/win","20221126-001910022",""
"1669489206-1142","https://joymall.in/#/win","20221126-001810022",""
"1669489206-1143","https://joymall.in/#/win","20221126-001710066",""
"1669489206-1144","https://joymall.in/#/win","20221126-001610022",""
"1669489206-1145","https://joymall.in/#/win","20221126-001510077",""
"1669489206-1146","https://joymall.in/#/win","20221126-001410044",""
"1669489206-1147","https://joymall.in/#/win","20221126-001310033",""
"1669489206-1148","https://joymall.in/#/win","20221126-001210066",""
"1669489206-1149","https://joymall.in/#/win","20221126-001110055",""
"1669489206-1150","https://joymall.in/#/win","20221126-001010011",""
"1669489206-1151","https://joymall.in/#/win","20221126-000910033",""
"1669489206-1152","https://joymall.in/#/win","20221126-000810000",""
"1669489206-1153","https://joymall.in/#/win","20221126-000710099",""
"1669489206-1154","https://joymall.in/#/win","20221126-000610055",""
"1669489206-1155","https://joymall.in/#/win","20221126-000510066",""
"1669489206-1156","https://joymall.in/#/win","20221126-000410055",""
"1669489206-1157","https://joymall.in/#/win","20221126-000310011",""
"1669489206-1158","https://joymall.in/#/win","20221126-000210022",""
"1669489206-1159","https://joymall.in/#/win","20221126-000110077",""
"1669489206-1160","https://joymall.in/#/win","20221125-048010033",""
"1669489206-1161","https://joymall.in/#/win","20221125-047910033",""
"1669489206-1162","https://joymall.in/#/win","20221125-047810033",""
"1669489206-1163","https://joymall.in/#/win","20221125-047710000",""
"1669489206-1164","https://joymall.in/#/win","20221125-047610066",""
"1669489206-1165","https://joymall.in/#/win","20221125-047510066",""
"1669489206-1166","https://joymall.in/#/win","20221125-047410044",""
"1669489206-1167","https://joymall.in/#/win","20221125-047310066",""
"1669489206-1168","https://joymall.in/#/win","20221125-047210055",""
"1669489206-1169","https://joymall.in/#/win","20221125-047110066",""
"1669489206-1170","https://joymall.in/#/win","20221125-047010099",""
"1669489206-1171","https://joymall.in/#/win","20221125-046910088",""
"1669489206-1172","https://joymall.in/#/win","20221125-046810022",""
"1669489206-1173","https://joymall.in/#/win","20221125-046710000",""
"1669489206-1174","https://joymall.in/#/win","20221125-046610077",""
"1669489206-1175","https://joymall.in/#/win","20221125-046510088",""
"1669489206-1176","https://joymall.in/#/win","20221125-046410011",""
"1669489206-1177","https://joymall.in/#/win","20221125-046310066",""
"1669489206-1178","https://joymall.in/#/win","20221125-046210033",""
"1669489206-1179","https://joymall.in/#/win","20221125-046110033",""
"1669489206-1180","https://joymall.in/#/win","20221125-046010044",""
"1669489206-1181","https://joymall.in/#/win","20221125-045910033",""
"1669489206-1182","https://joymall.in/#/win","20221125-045810077",""
"1669489206-1183","https://joymall.in/#/win","20221125-045710099",""
"1669489206-1184","https://joymall.in/#/win","20221125-045610022",""
"1669489206-1185","https://joymall.in/#/win","20221125-045510033",""
"1669489206-1186","https://joymall.in/#/win","20221125-045410033",""
"1669489206-1187","https://joymall.in/#/win","20221125-045310077",""
"1669489206-1188","https://joymall.in/#/win","20221125-045210077",""
"1669489206-1189","https://joymall.in/#/win","20221125-045110000",""
"1669489206-1190","https://joymall.in/#/win","20221125-045010099",""
"1669489206-1191","https://joymall.in/#/win","20221125-044910044",""
"1669489206-1192","https://joymall.in/#/win","20221125-044810000",""
"1669489206-1193","https://joymall.in/#/win","20221125-044710000",""
"1669489206-1194","https://joymall.in/#/win","20221125-044610022",""
"1669489206-1195","https://joymall.in/#/win","20221125-044510099",""
"1669489206-1196","https://joymall.in/#/win","20221125-044410055",""
"1669489206-1197","https://joymall.in/#/win","20221125-044310066",""
"1669489206-1198","https://joymall.in/#/win","20221125-044210044",""
"1669489206-1199","https://joymall.in/#/win","20221125-044110000",""
"1669489206-1200","https://joymall.in/#/win","20221125-044010033",""
"1669489206-1201","https://joymall.in/#/win","20221125-043910066",""
"1669489206-1202","https://joymall.in/#/win","20221125-043810077",""
"1669489206-1203","https://joymall.in/#/win","20221125-043710022",""
"1669489206-1204","https://joymall.in/#/win","20221125-043610044",""
"1669489206-1205","https://joymall.in/#/win","20221125-043510011",""
"1669489206-1206","https://joymall.in/#/win","20221125-043410088",""
"1669489206-1207","https://joymall.in/#/win","20221125-043310099",""
"1669489206-1208","https://joymall.in/#/win","20221125-043210099",""
"1669489206-1209","https://joymall.in/#/win","20221125-043110011",""
"1669489206-1210","https://joymall.in/#/win","20221125-043010077",""
"1669489206-1211","https://joymall.in/#/win","20221125-042910088",""
"1669489206-1212","https://joymall.in/#/win","20221125-042810066",""
"1669489206-1213","https://joymall.in/#/win","20221125-042710022",""
"1669489206-1214","https://joymall.in/#/win","20221125-042610000",""
"1669489206-1215","https://joymall.in/#/win","20221125-042510066",""
"1669489206-1216","https://joymall.in/#/win","20221125-042410055",""
"1669489206-1217","https://joymall.in/#/win","20221125-042310022",""
"1669489206-1218","https://joymall.in/#/win","20221125-042210011",""
"1669489206-1219","https://joymall.in/#/win","20221125-042110077",""
"1669489206-1220","https://joymall.in/#/win","20221125-042010022",""
"1669489206-1221","https://joymall.in/#/win","20221125-041910044",""
"1669489206-1222","https://joymall.in/#/win","20221125-041810077",""
"1669489206-1223","https://joymall.in/#/win","20221125-041710011",""
"1669489206-1224","https://joymall.in/#/win","20221125-041610022",""
"1669489206-1225","https://joymall.in/#/win","20221125-041510066",""
"1669489206-1226","https://joymall.in/#/win","20221125-041410055",""
"1669489206-1227","https://joymall.in/#/win","20221125-041310077",""
"1669489206-1228","https://joymall.in/#/win","20221125-041210066",""
"1669489206-1229","https://joymall.in/#/win","20221125-041110099",""
"1669489206-1230","https://joymall.in/#/win","20221125-041010099",""
"1669489206-1231","https://joymall.in/#/win","20221125-040910044",""
"1669489206-1232","https://joymall.in/#/win","20221125-040810088",""
"1669489206-1233","https://joymall.in/#/win","20221125-040710000",""
"1669489206-1234","https://joymall.in/#/win","20221125-040610044",""
"1669489206-1235","https://joymall.in/#/win","20221125-040510022",""
"1669489206-1236","https://joymall.in/#/win","20221125-040410077",""
"1669489206-1237","https://joymall.in/#/win","20221125-040310066",""
"1669489206-1238","https://joymall.in/#/win","20221125-040210044",""
"1669489206-1239","https://joymall.in/#/win","20221125-040110011",""
"1669489206-1240","https://joymall.in/#/win","20221125-040010088",""
"1669489206-1241","https://joymall.in/#/win","20221125-039910000",""
"1669489206-1242","https://joymall.in/#/win","20221125-039810066",""
"1669489206-1243","https://joymall.in/#/win","20221125-039710066",""
"1669489206-1244","https://joymall.in/#/win","20221125-039610044",""
"1669489206-1245","https://joymall.in/#/win","20221125-039510099",""
"1669489206-1246","https://joymall.in/#/win","20221125-039410000",""
"1669489206-1247","https://joymall.in/#/win","20221125-039310033",""
"1669489206-1248","https://joymall.in/#/win","20221125-039210044",""
"1669489206-1249","https://joymall.in/#/win","20221125-039110088",""
"1669489206-1250","https://joymall.in/#/win","20221125-039010011",""
"1669489206-1251","https://joymall.in/#/win","20221125-038910011",""
"1669489206-1252","https://joymall.in/#/win","20221125-038810066",""
"1669489206-1253","https://joymall.in/#/win","20221125-038710011",""
"1669489206-1254","https://joymall.in/#/win","20221125-038610088",""
"1669489206-1255","https://joymall.in/#/win","20221125-038510077",""
"1669489206-1256","https://joymall.in/#/win","20221125-038410099",""
"1669489206-1257","https://joymall.in/#/win","20221125-038310077",""
"1669489206-1258","https://joymall.in/#/win","20221125-038210055",""
"1669489206-1259","https://joymall.in/#/win","20221125-038110077",""
"1669489206-1260","https://joymall.in/#/win","20221125-038010077",""
"1669489206-1261","https://joymall.in/#/win","20221125-037910099",""
"1669489206-1262","https://joymall.in/#/win","20221125-037810055",""
"1669489206-1263","https://joymall.in/#/win","20221125-037710077",""
"1669489206-1264","https://joymall.in/#/win","20221125-037610022",""
"1669489206-1265","https://joymall.in/#/win","20221125-037510055",""
"1669489206-1266","https://joymall.in/#/win","20221125-037410033",""
"1669489206-1267","https://joymall.in/#/win","20221125-037310011",""
"1669489206-1268","https://joymall.in/#/win","20221125-037210044",""
"1669489206-1269","https://joymall.in/#/win","20221125-037110088",""
"1669489206-1270","https://joymall.in/#/win","20221125-037010044",""
"1669489206-1271","https://joymall.in/#/win","20221125-036910000",""
"1669489206-1272","https://joymall.in/#/win","20221125-036810066",""
"1669489206-1273","https://joymall.in/#/win","20221125-036710033",""
"1669489206-1274","https://joymall.in/#/win","20221125-036610077",""
"1669489206-1275","https://joymall.in/#/win","20221125-036510077",""
"1669489206-1276","https://joymall.in/#/win","20221125-036410066",""
"1669489206-1277","https://joymall.in/#/win","20221125-036310077",""
"1669489206-1278","https://joymall.in/#/win","20221125-036210088",""
"1669489206-1279","https://joymall.in/#/win","20221125-036110077",""
"1669489206-1280","https://joymall.in/#/win","20221125-036010055",""
"1669489206-1281","https://joymall.in/#/win","20221125-035910033",""
"1669489206-1282","https://joymall.in/#/win","20221125-035810011",""
"1669489206-1283","https://joymall.in/#/win","20221125-035710011",""
"1669489206-1284","https://joymall.in/#/win","20221125-035610077",""
"1669489206-1285","https://joymall.in/#/win","20221125-035510088",""
"1669489206-1286","https://joymall.in/#/win","20221125-035410077",""
"1669489206-1287","https://joymall.in/#/win","20221125-035310033",""
"1669489206-1288","https://joymall.in/#/win","20221125-035210066",""
"1669489206-1289","https://joymall.in/#/win","20221125-035110055",""
"1669489206-1290","https://joymall.in/#/win","20221125-035010066",""
"1669489206-1291","https://joymall.in/#/win","20221125-034910044",""
"1669489206-1292","https://joymall.in/#/win","20221125-034810055",""
"1669489206-1293","https://joymall.in/#/win","20221125-034710099",""
"1669489206-1294","https://joymall.in/#/win","20221125-034610044",""
"1669489206-1295","https://joymall.in/#/win","20221125-034510000",""
"1669489206-1296","https://joymall.in/#/win","20221125-034410099",""
"1669489206-1297","https://joymall.in/#/win","20221125-034310022",""
"1669489206-1298","https://joymall.in/#/win","20221125-034210077",""
"1669489206-1299","https://joymall.in/#/win","20221125-034110044",""
"1669489206-1300","https://joymall.in/#/win","20221125-034010044",""
"1669489206-1301","https://joymall.in/#/win","20221125-033910022",""
"1669489206-1302","https://joymall.in/#/win","20221125-033810055",""
"1669489206-1303","https://joymall.in/#/win","20221125-033710000",""
"1669489206-1304","https://joymall.in/#/win","20221125-033610033",""
"1669489206-1305","https://joymall.in/#/win","20221125-033510011",""
"1669489206-1306","https://joymall.in/#/win","20221125-033410066",""
"1669489206-1307","https://joymall.in/#/win","20221125-033310088",""
"1669489206-1308","https://joymall.in/#/win","20221125-033210022",""
"1669489206-1309","https://joymall.in/#/win","20221125-033110033",""
"1669489206-1310","https://joymall.in/#/win","20221125-033010033",""
"1669489206-1311","https://joymall.in/#/win","20221125-032910011",""
"1669489206-1312","https://joymall.in/#/win","20221125-032810000",""
"1669489206-1313","https://joymall.in/#/win","20221125-032710088",""
"1669489206-1314","https://joymall.in/#/win","20221125-032610044",""
"1669489206-1315","https://joymall.in/#/win","20221125-032510011",""
"1669489206-1316","https://joymall.in/#/win","20221125-032410011",""
"1669489206-1317","https://joymall.in/#/win","20221125-032310099",""
"1669489206-1318","https://joymall.in/#/win","20221125-032210044",""
"1669489206-1319","https://joymall.in/#/win","20221125-032110044",""
"1669489206-1320","https://joymall.in/#/win","20221125-032010022",""
"1669489206-1321","https://joymall.in/#/win","20221125-031910088",""
"1669489206-1322","https://joymall.in/#/win","20221125-031810066",""
"1669489206-1323","https://joymall.in/#/win","20221125-031710088",""
"1669489206-1324","https://joymall.in/#/win","20221125-031610077",""
"1669489206-1325","https://joymall.in/#/win","20221125-031510022",""
"1669489206-1326","https://joymall.in/#/win","20221125-031410011",""
"1669489206-1327","https://joymall.in/#/win","20221125-031310033",""
"1669489206-1328","https://joymall.in/#/win","20221125-031210011",""
"1669489206-1329","https://joymall.in/#/win","20221125-031110000",""
"1669489206-1330","https://joymall.in/#/win","20221125-031010077",""
"1669489206-1331","https://joymall.in/#/win","20221125-030910000",""
"1669489206-1332","https://joymall.in/#/win","20221125-030810066",""
"1669489206-1333","https://joymall.in/#/win","20221125-030710000",""
"1669489206-1334","https://joymall.in/#/win","20221125-030610044",""
"1669489206-1335","https://joymall.in/#/win","20221125-030510022",""
"1669489206-1336","https://joymall.in/#/win","20221125-030410044",""
"1669489206-1337","https://joymall.in/#/win","20221125-030310000",""
"1669489206-1338","https://joymall.in/#/win","20221125-030210077",""
"1669489206-1339","https://joymall.in/#/win","20221125-030110033",""
"1669489206-1340","https://joymall.in/#/win","20221125-030010088",""
"1669489206-1341","https://joymall.in/#/win","20221125-029910022",""
"1669489206-1342","https://joymall.in/#/win","20221125-029810066",""
"1669489206-1343","https://joymall.in/#/win","20221125-029710077",""
"1669489206-1344","https://joymall.in/#/win","20221125-029610022",""
"1669489206-1345","https://joymall.in/#/win","20221125-029510055",""
"1669489206-1346","https://joymall.in/#/win","20221125-029410011",""
"1669489206-1347","https://joymall.in/#/win","20221125-029310044",""
"1669489206-1348","https://joymall.in/#/win","20221125-029210077",""
"1669489206-1349","https://joymall.in/#/win","20221125-029110077",""
"1669489206-1350","https://joymall.in/#/win","20221125-029010000",""
"1669489206-1351","https://joymall.in/#/win","20221125-028910022",""
"1669489206-1352","https://joymall.in/#/win","20221125-028810055",""
"1669489206-1353","https://joymall.in/#/win","20221125-028710088",""
"1669489206-1354","https://joymall.in/#/win","20221125-028610077",""
"1669489206-1355","https://joymall.in/#/win","20221125-028510077",""
"1669489206-1356","https://joymall.in/#/win","20221125-028410044",""
"1669489206-1357","https://joymall.in/#/win","20221125-028310077",""
"1669489206-1358","https://joymall.in/#/win","20221125-028210099",""
"1669489206-1359","https://joymall.in/#/win","20221125-028110011",""
"1669489206-1360","https://joymall.in/#/win","20221125-028010077",""
"1669489206-1361","https://joymall.in/#/win","20221125-027910022",""
"1669489206-1362","https://joymall.in/#/win","20221125-027810033",""
"1669489206-1363","https://joymall.in/#/win","20221125-027710033",""
"1669489206-1364","https://joymall.in/#/win","20221125-027610022",""
"1669489206-1365","https://joymall.in/#/win","20221125-027510066",""
"1669489206-1366","https://joymall.in/#/win","20221125-027410099",""
"1669489206-1367","https://joymall.in/#/win","20221125-027310055",""
"1669489206-1368","https://joymall.in/#/win","20221125-027210000",""
"1669489206-1369","https://joymall.in/#/win","20221125-027110066",""
"1669489206-1370","https://joymall.in/#/win","20221125-027010077",""
"1669489206-1371","https://joymall.in/#/win","20221125-026910044",""
"1669489206-1372","https://joymall.in/#/win","20221125-026810066",""
"1669489206-1373","https://joymall.in/#/win","20221125-026710033",""
"1669489206-1374","https://joymall.in/#/win","20221125-026610088",""
"1669489206-1375","https://joymall.in/#/win","20221125-026510011",""
"1669489206-1376","https://joymall.in/#/win","20221125-026410099",""
"1669489206-1377","https://joymall.in/#/win","20221125-026310055",""
"1669489206-1378","https://joymall.in/#/win","20221125-026210055",""
"1669489206-1379","https://joymall.in/#/win","20221125-026110011",""
"1669489206-1380","https://joymall.in/#/win","20221125-026010033",""
"1669489206-1381","https://joymall.in/#/win","20221125-025910044",""
"1669489206-1382","https://joymall.in/#/win","20221125-025810033",""
"1669489206-1383","https://joymall.in/#/win","20221125-025710066",""
"1669489206-1384","https://joymall.in/#/win","20221125-025610088",""
"1669489206-1385","https://joymall.in/#/win","20221125-025510066",""
"1669489206-1386","https://joymall.in/#/win","20221125-025410088",""
"1669489206-1387","https://joymall.in/#/win","20221125-025310077",""
"1669489206-1388","https://joymall.in/#/win","20221125-025210088",""
"1669489206-1389","https://joymall.in/#/win","20221125-025110077",""
"1669489206-1390","https://joymall.in/#/win","20221125-025010000",""
"1669489206-1391","https://joymall.in/#/win","20221125-024910088",""
"1669489206-1392","https://joymall.in/#/win","20221125-024810044",""
"1669489206-1393","https://joymall.in/#/win","20221125-024710033",""
"1669489206-1394","https://joymall.in/#/win","20221125-024610055",""
"1669489206-1395","https://joymall.in/#/win","20221125-024510077",""
"1669489206-1396","https://joymall.in/#/win","20221125-024410000",""
"1669489206-1397","https://joymall.in/#/win","20221125-024310088",""
"1669489206-1398","https://joymall.in/#/win","20221125-024210011",""
"1669489206-1399","https://joymall.in/#/win","20221125-024110022",""
"1669489206-1400","https://joymall.in/#/win","20221125-024010044",""
"1669489206-1401","https://joymall.in/#/win","20221125-023910011",""
"1669489206-1402","https://joymall.in/#/win","20221125-023810033",""
"1669489206-1403","https://joymall.in/#/win","20221125-023710044",""
"1669489206-1404","https://joymall.in/#/win","20221125-023610088",""
"1669489206-1405","https://joymall.in/#/win","20221125-023510088",""
"1669489206-1406","https://joymall.in/#/win","20221125-023410011",""
"1669489206-1407","https://joymall.in/#/win","20221125-023310088",""
"1669489206-1408","https://joymall.in/#/win","20221125-023210099",""
"1669489206-1409","https://joymall.in/#/win","20221125-023110000",""
"1669489206-1410","https://joymall.in/#/win","20221125-023010022",""
"1669489206-1411","https://joymall.in/#/win","20221125-022910099",""
"1669489206-1412","https://joymall.in/#/win","20221125-022810022",""
"1669489206-1413","https://joymall.in/#/win","20221125-022710033",""
"1669489206-1414","https://joymall.in/#/win","20221125-022610011",""
"1669489206-1415","https://joymall.in/#/win","20221125-022510000",""
"1669489206-1416","https://joymall.in/#/win","20221125-022410055",""
"1669489206-1417","https://joymall.in/#/win","20221125-022310033",""
"1669489206-1418","https://joymall.in/#/win","20221125-022210011",""
"1669489206-1419","https://joymall.in/#/win","20221125-022110099",""
"1669489206-1420","https://joymall.in/#/win","20221125-022010033",""
"1669489206-1421","https://joymall.in/#/win","20221125-021910099",""
"1669489206-1422","https://joymall.in/#/win","20221125-021810022",""
"1669489206-1423","https://joymall.in/#/win","20221125-021710000",""
"1669489206-1424","https://joymall.in/#/win","20221125-021610011",""
"1669489206-1425","https://joymall.in/#/win","20221125-021510011",""
"1669489206-1426","https://joymall.in/#/win","20221125-021410022",""
"1669489206-1427","https://joymall.in/#/win","20221125-021310099",""
"1669489206-1428","https://joymall.in/#/win","20221125-021210099",""
